,Manual,Planilha,PlanningApp
S2.4_Verifica_Alinhamento,1.3333333333333333,2.3333333333333335,4.0
